{
  "project_info": {
    "project_number": "1022887110142",
    "project_id": "wingman-inc",
    "storage_bucket": "wingman-inc.appspot.com"
  },
  "client": [
    {
      "client_info": {
        "mobilesdk_app_id": "1:1022887110142:android:0deadd4fbdc4547beb8caf",
        "android_client_info": {
          "package_name": "com.example.wingman_inc"
        }
      },
      "oauth_client": [
        {
          "client_id": "1022887110142-jmsf9id5pg233d4c0c14qfn9dm2m7rmq.apps.googleusercontent.com",
          "client_type": 3
        }
      ],
      "api_key": [
        {
          "current_key": "AIzaSyAhehtu-SUfE0ElPPBppshyukYKcEwgICE"
        }
      ],
      "services": {
        "appinvite_service": {
          "other_platform_oauth_client": [
            {
              "client_id": "1022887110142-jmsf9id5pg233d4c0c14qfn9dm2m7rmq.apps.googleusercontent.com",
              "client_type": 3
            }
          ]
        }
      }
    }
  ],
  "configuration_version": "1"
}